membership_id,person_id,body_id,role,role_label,notes
M000001,WEC1927_P0284,COM_I,chair,Chairman,
M000002,WEC1927_P0452,COM_I,vice_chair,Vice-Chairman,
M000003,WEC1927_P0366,COM_I,vice_chair,Vice-Chairman,
M000004,WEC1927_P0136,COM_I,rapporteur,Rapporteur,
M000005,WEC1927_P0038,COM_I,rapporteur,Rapporteur,
M000006,WEC1927_P0386,COM_II,chair,Chairman,
M000007,WEC1927_P0337,COM_II,vice_chair,Vice-Chairman,
M000008,WEC1927_P0090,COM_II,vice_chair,Vice-Chairman,
M000009,WEC1927_P0076,COM_II,vice_chair,Vice-Chairman,
M000010,WEC1927_P0234,COM_II,rapporteur,Rapporteur,
M000011,WEC1927_P0162,COM_II,rapporteur,Rapporteur,
M000012,WEC1927_P0348,COM_III,chair,Chairman,
M000013,WEC1927_P0223,COM_III,vice_chair,Vice-Chairman,
M000014,WEC1927_P0209,COM_III,vice_chair,Vice-Chairman,
M000015,WEC1927_P0005,COM_III,rapporteur,Rapporteur,
M000016,WEC1927_P0376,COM_III,rapporteur,Rapporteur,
M000017,WEC1927_P0001,WEC,delegate,Delegate,
M000018,WEC1927_P0002,WEC,delegate,Delegate,
M000019,WEC1927_P0003,WEC,delegate,Delegate,
M000020,WEC1927_P0004,WEC,delegate,Delegate,
M000021,WEC1927_P0005,WEC,delegate,Delegate,
M000022,WEC1927_P0006,WEC,delegate,Delegate,
M000023,WEC1927_P0007,WEC,vice_president,Vice-President of the Conference,
M000024,WEC1927_P0008,WEC,delegate,Delegate,
M000025,WEC1927_P0009,WEC,delegate,Delegate,
M000026,WEC1927_P0010,WEC,delegate,Delegate,
M000027,WEC1927_P0011,WEC,delegate,Delegate,
M000028,WEC1927_P0012,WEC,delegate,Delegate,
M000029,WEC1927_P0013,WEC,delegate,Delegate,
M000030,WEC1927_P0014,WEC,delegate,Delegate,
M000031,WEC1927_P0015,WEC,delegate,Delegate,
M000032,WEC1927_P0016,WEC,delegate,Delegate,
M000033,WEC1927_P0017,WEC,delegate,Delegate,
M000034,WEC1927_P0018,WEC,delegate,Delegate,
M000035,WEC1927_P0019,WEC,delegate,Delegate,
M000036,WEC1927_P0020,WEC,delegate,Delegate,
M000037,WEC1927_P0021,WEC,delegate,Delegate,
M000038,WEC1927_P0022,WEC,delegate,Delegate,
M000039,WEC1927_P0023,WEC,delegate,Delegate,
M000040,WEC1927_P0024,WEC,delegate,Delegate,
M000041,WEC1927_P0025,WEC,delegate,Delegate,
M000042,WEC1927_P0026,WEC,delegate,Delegate,
M000043,WEC1927_P0027,WEC,delegate,Delegate,
M000044,WEC1927_P0028,WEC,delegate,Delegate,
M000045,WEC1927_P0029,WEC,vice_president,Vice-President of the Conference,
M000046,WEC1927_P0030,WEC,delegate,Delegate,
M000047,WEC1927_P0031,WEC,delegate,Delegate,
M000048,WEC1927_P0032,WEC,delegate,Delegate,
M000049,WEC1927_P0033,WEC,delegate,Delegate,
M000050,WEC1927_P0034,WEC,delegate,Delegate,
M000051,WEC1927_P0035,WEC,delegate,Delegate,
M000052,WEC1927_P0036,WEC,delegate,Delegate,
M000053,WEC1927_P0037,WEC,delegate,Delegate,
M000054,WEC1927_P0038,WEC,delegate,Delegate,
M000055,WEC1927_P0039,WEC,delegate,Delegate,
M000056,WEC1927_P0040,WEC,delegate,Delegate,
M000057,WEC1927_P0041,WEC,delegate,Delegate,
M000058,WEC1927_P0042,WEC,delegate,Delegate,
M000059,WEC1927_P0043,WEC,delegate,Delegate,
M000060,WEC1927_P0044,WEC,delegate,Delegate,
M000061,WEC1927_P0045,WEC,delegate,Delegate,
M000062,WEC1927_P0046,WEC,delegate,Delegate,
M000063,WEC1927_P0047,WEC,delegate,Delegate,
M000064,WEC1927_P0048,WEC,delegate,Delegate,
M000065,WEC1927_P0049,WEC,delegate,Delegate,
M000066,WEC1927_P0050,WEC,delegate,Delegate,
M000067,WEC1927_P0051,WEC,delegate,Delegate,
M000068,WEC1927_P0052,WEC,delegate,Delegate,
M000069,WEC1927_P0053,WEC,delegate,Delegate,
M000070,WEC1927_P0054,WEC,delegate,Delegate,
M000071,WEC1927_P0055,WEC,delegate,Delegate,
M000072,WEC1927_P0056,WEC,delegate,Delegate,
M000073,WEC1927_P0057,WEC,delegate,Delegate,
M000074,WEC1927_P0058,WEC,delegate,Delegate,
M000075,WEC1927_P0059,WEC,delegate,Delegate,
M000076,WEC1927_P0060,WEC,delegate,Delegate,
M000077,WEC1927_P0061,WEC,delegate,Delegate,
M000078,WEC1927_P0062,WEC,delegate,Delegate,
M000079,WEC1927_P0063,WEC,delegate,Delegate,
M000080,WEC1927_P0064,WEC,delegate,Delegate,
M000081,WEC1927_P0065,WEC,delegate,Delegate,
M000082,WEC1927_P0066,WEC,delegate,Delegate,
M000083,WEC1927_P0067,WEC,delegate,Delegate,
M000084,WEC1927_P0068,WEC,vice_president,Vice-President of the Conference,
M000085,WEC1927_P0069,WEC,delegate,Delegate,
M000086,WEC1927_P0070,WEC,delegate,Delegate,
M000087,WEC1927_P0071,WEC,delegate,Delegate,
M000088,WEC1927_P0072,WEC,vice_president,Vice-President of the Conference,
M000089,WEC1927_P0073,WEC,delegate,Delegate,
M000090,WEC1927_P0074,WEC,delegate,Delegate,
M000091,WEC1927_P0075,WEC,delegate,Delegate,
M000092,WEC1927_P0076,WEC,delegate,Delegate,
M000093,WEC1927_P0077,WEC,delegate,Delegate,
M000094,WEC1927_P0078,WEC,delegate,Delegate,
M000095,WEC1927_P0079,WEC,delegate,Delegate,
M000096,WEC1927_P0080,WEC,delegate,Delegate,
M000097,WEC1927_P0081,WEC,delegate,Delegate,
M000098,WEC1927_P0082,WEC,delegate,Delegate,
M000099,WEC1927_P0083,WEC,delegate,Delegate,
M000100,WEC1927_P0084,WEC,delegate,Delegate,
M000101,WEC1927_P0085,WEC,delegate,Delegate,
M000102,WEC1927_P0086,WEC,delegate,Delegate,
M000103,WEC1927_P0087,WEC,delegate,Delegate,
M000104,WEC1927_P0088,WEC,delegate,Delegate,
M000105,WEC1927_P0089,WEC,delegate,Delegate,
M000106,WEC1927_P0090,WEC,delegate,Delegate,
M000107,WEC1927_P0091,WEC,delegate,Delegate,
M000108,WEC1927_P0092,WEC,delegate,Delegate,
M000109,WEC1927_P0093,WEC,delegate,Delegate,
M000110,WEC1927_P0094,WEC,delegate,Delegate,
M000111,WEC1927_P0095,WEC,delegate,Delegate,
M000112,WEC1927_P0096,WEC,delegate,Delegate,
M000113,WEC1927_P0097,WEC,delegate,Delegate,
M000114,WEC1927_P0098,WEC,delegate,Delegate,
M000115,WEC1927_P0099,WEC,delegate,Delegate,
M000116,WEC1927_P0100,WEC,delegate,Delegate,
M000117,WEC1927_P0101,WEC,delegate,Delegate,
M000118,WEC1927_P0102,WEC,delegate,Delegate,
M000119,WEC1927_P0103,WEC,delegate,Delegate,
M000120,WEC1927_P0104,WEC,delegate,Delegate,
M000121,WEC1927_P0105,WEC,delegate,Delegate,
M000122,WEC1927_P0106,WEC,delegate,Delegate,
M000123,WEC1927_P0107,WEC,delegate,Delegate,
M000124,WEC1927_P0108,WEC,delegate,Delegate,
M000125,WEC1927_P0109,WEC,delegate,Delegate,
M000126,WEC1927_P0110,WEC,delegate,Delegate,
M000127,WEC1927_P0111,WEC,delegate,Delegate,
M000128,WEC1927_P0112,WEC,vice_president,Vice-President of the Conference,
M000129,WEC1927_P0113,WEC,delegate,Delegate,
M000130,WEC1927_P0114,WEC,delegate,Delegate,
M000131,WEC1927_P0115,WEC,delegate,Delegate,
M000132,WEC1927_P0116,WEC,delegate,Delegate,
M000133,WEC1927_P0117,WEC,delegate,Delegate,
M000134,WEC1927_P0118,WEC,delegate,Delegate,
M000135,WEC1927_P0119,WEC,delegate,Delegate,
M000136,WEC1927_P0120,WEC,delegate,Delegate,
M000137,WEC1927_P0121,WEC,delegate,Delegate,
M000138,WEC1927_P0122,WEC,delegate,Delegate,
M000139,WEC1927_P0123,WEC,delegate,Delegate,
M000140,WEC1927_P0124,WEC,delegate,Delegate,
M000141,WEC1927_P0125,WEC,delegate,Delegate,
M000142,WEC1927_P0126,WEC,delegate,Delegate,
M000143,WEC1927_P0127,WEC,delegate,Delegate,
M000144,WEC1927_P0128,WEC,delegate,Delegate,
M000145,WEC1927_P0129,WEC,delegate,Delegate,
M000146,WEC1927_P0130,WEC,delegate,Delegate,
M000147,WEC1927_P0131,WEC,delegate,Delegate,
M000148,WEC1927_P0132,WEC,delegate,Delegate,
M000149,WEC1927_P0133,WEC,delegate,Delegate,
M000150,WEC1927_P0134,WEC,vice_president,Vice-President of the Conference,
M000151,WEC1927_P0135,WEC,delegate,Delegate,
M000152,WEC1927_P0136,WEC,delegate,Delegate,
M000153,WEC1927_P0137,WEC,delegate,Delegate,
M000154,WEC1927_P0138,WEC,delegate,Delegate,
M000155,WEC1927_P0139,WEC,delegate,Delegate,
M000156,WEC1927_P0140,WEC,delegate,Delegate,
M000157,WEC1927_P0141,WEC,delegate,Delegate,
M000158,WEC1927_P0142,WEC,delegate,Delegate,
M000159,WEC1927_P0143,WEC,delegate,Delegate,
M000160,WEC1927_P0144,WEC,delegate,Delegate,
M000161,WEC1927_P0145,WEC,delegate,Delegate,
M000162,WEC1927_P0146,WEC,delegate,Delegate,
M000163,WEC1927_P0147,WEC,delegate,Delegate,
M000164,WEC1927_P0148,WEC,delegate,Delegate,
M000165,WEC1927_P0149,WEC,delegate,Delegate,
M000166,WEC1927_P0150,WEC,delegate,Delegate,
M000167,WEC1927_P0151,WEC,delegate,Delegate,
M000168,WEC1927_P0152,WEC,delegate,Delegate,
M000169,WEC1927_P0153,WEC,delegate,Delegate,
M000170,WEC1927_P0154,WEC,delegate,Delegate,
M000171,WEC1927_P0155,WEC,delegate,Delegate,
M000172,WEC1927_P0156,WEC,delegate,Delegate,
M000173,WEC1927_P0157,WEC,delegate,Delegate,
M000174,WEC1927_P0158,WEC,vice_president,Vice-President of the Conference,
M000175,WEC1927_P0159,WEC,delegate,Delegate,
M000176,WEC1927_P0160,WEC,delegate,Delegate,
M000177,WEC1927_P0161,WEC,delegate,Delegate,
M000178,WEC1927_P0162,WEC,delegate,Delegate,
M000179,WEC1927_P0163,WEC,delegate,Delegate,
M000180,WEC1927_P0164,WEC,delegate,Delegate,
M000181,WEC1927_P0165,WEC,delegate,Delegate,
M000182,WEC1927_P0166,WEC,delegate,Delegate,
M000183,WEC1927_P0167,WEC,delegate,Delegate,
M000184,WEC1927_P0168,WEC,delegate,Delegate,
M000185,WEC1927_P0169,WEC,delegate,Delegate,
M000186,WEC1927_P0170,WEC,delegate,Delegate,
M000187,WEC1927_P0171,WEC,delegate,Delegate,
M000188,WEC1927_P0172,WEC,delegate,Delegate,
M000189,WEC1927_P0173,WEC,delegate,Delegate,
M000190,WEC1927_P0174,WEC,delegate,Delegate,
M000191,WEC1927_P0175,WEC,delegate,Delegate,
M000192,WEC1927_P0176,WEC,delegate,Delegate,
M000193,WEC1927_P0177,WEC,delegate,Delegate,
M000194,WEC1927_P0178,WEC,delegate,Delegate,
M000195,WEC1927_P0179,WEC,delegate,Delegate,
M000196,WEC1927_P0180,WEC,delegate,Delegate,
M000197,WEC1927_P0181,WEC,delegate,Delegate,
M000198,WEC1927_P0182,WEC,delegate,Delegate,
M000199,WEC1927_P0183,WEC,delegate,Delegate,
M000200,WEC1927_P0184,WEC,delegate,Delegate,
M000201,WEC1927_P0185,WEC,delegate,Delegate,
M000202,WEC1927_P0186,WEC,delegate,Delegate,
M000203,WEC1927_P0187,WEC,delegate,Delegate,
M000204,WEC1927_P0188,WEC,delegate,Delegate,
M000205,WEC1927_P0189,WEC,delegate,Delegate,
M000206,WEC1927_P0190,WEC,delegate,Delegate,
M000207,WEC1927_P0191,WEC,delegate,Delegate,
M000208,WEC1927_P0192,WEC,delegate,Delegate,
M000209,WEC1927_P0193,WEC,delegate,Delegate,
M000210,WEC1927_P0194,WEC,delegate,Delegate,
M000211,WEC1927_P0195,WEC,delegate,Delegate,
M000212,WEC1927_P0196,WEC,delegate,Delegate,
M000213,WEC1927_P0197,WEC,delegate,Delegate,
M000214,WEC1927_P0198,WEC,delegate,Delegate,
M000215,WEC1927_P0199,WEC,delegate,Delegate,
M000216,WEC1927_P0200,WEC,delegate,Delegate,
M000217,WEC1927_P0201,WEC,delegate,Delegate,
M000218,WEC1927_P0202,WEC,delegate,Delegate,
M000219,WEC1927_P0203,WEC,delegate,Delegate,
M000220,WEC1927_P0204,WEC,delegate,Delegate,
M000221,WEC1927_P0205,WEC,delegate,Delegate,
M000222,WEC1927_P0206,WEC,delegate,Delegate,
M000223,WEC1927_P0207,WEC,delegate,Delegate,
M000224,WEC1927_P0208,WEC,delegate,Delegate,
M000225,WEC1927_P0209,WEC,delegate,Delegate,
M000226,WEC1927_P0210,WEC,delegate,Delegate,
M000227,WEC1927_P0211,WEC,delegate,Delegate,
M000228,WEC1927_P0212,WEC,delegate,Delegate,
M000229,WEC1927_P0213,WEC,delegate,Delegate,
M000230,WEC1927_P0214,WEC,delegate,Delegate,
M000231,WEC1927_P0215,WEC,delegate,Delegate,
M000232,WEC1927_P0216,WEC,delegate,Delegate,
M000233,WEC1927_P0217,WEC,delegate,Delegate,
M000234,WEC1927_P0218,WEC,delegate,Delegate,
M000235,WEC1927_P0219,WEC,delegate,Delegate,
M000236,WEC1927_P0220,WEC,delegate,Delegate,
M000237,WEC1927_P0221,WEC,delegate,Delegate,
M000238,WEC1927_P0222,WEC,delegate,Delegate,
M000239,WEC1927_P0223,WEC,delegate,Delegate,
M000240,WEC1927_P0224,WEC,delegate,Delegate,
M000241,WEC1927_P0225,WEC,delegate,Delegate,
M000242,WEC1927_P0226,WEC,delegate,Delegate,
M000243,WEC1927_P0227,WEC,delegate,Delegate,
M000244,WEC1927_P0228,WEC,delegate,Delegate,
M000245,WEC1927_P0229,WEC,delegate,Delegate,
M000246,WEC1927_P0230,WEC,delegate,Delegate,
M000247,WEC1927_P0231,WEC,delegate,Delegate,
M000248,WEC1927_P0232,WEC,delegate,Delegate,
M000249,WEC1927_P0233,WEC,vice_president,Vice-President of the Conference,
M000250,WEC1927_P0234,WEC,delegate,Delegate,
M000251,WEC1927_P0235,WEC,delegate,Delegate,
M000252,WEC1927_P0236,WEC,delegate,Delegate,
M000253,WEC1927_P0237,WEC,delegate,Delegate,
M000254,WEC1927_P0238,WEC,delegate,Delegate,
M000255,WEC1927_P0239,WEC,delegate,Delegate,
M000256,WEC1927_P0240,WEC,delegate,Delegate,
M000257,WEC1927_P0241,WEC,delegate,Delegate,
M000258,WEC1927_P0242,WEC,delegate,Delegate,
M000259,WEC1927_P0243,WEC,delegate,Delegate,
M000260,WEC1927_P0244,WEC,delegate,Delegate,
M000261,WEC1927_P0245,WEC,delegate,Delegate,
M000262,WEC1927_P0246,WEC,delegate,Delegate,
M000263,WEC1927_P0247,WEC,delegate,Delegate,
M000264,WEC1927_P0248,WEC,delegate,Delegate,
M000265,WEC1927_P0249,WEC,delegate,Delegate,
M000266,WEC1927_P0250,WEC,vice_president,Vice-President of the Conference,
M000267,WEC1927_P0251,WEC,delegate,Delegate,
M000268,WEC1927_P0252,WEC,delegate,Delegate,
M000269,WEC1927_P0253,WEC,delegate,Delegate,
M000270,WEC1927_P0254,WEC,delegate,Delegate,
M000271,WEC1927_P0255,WEC,delegate,Delegate,
M000272,WEC1927_P0256,WEC,delegate,Delegate,
M000273,WEC1927_P0257,WEC,delegate,Delegate,
M000274,WEC1927_P0258,WEC,delegate,Delegate,
M000275,WEC1927_P0259,WEC,delegate,Delegate,
M000276,WEC1927_P0260,WEC,delegate,Delegate,
M000277,WEC1927_P0261,WEC,delegate,Delegate,
M000278,WEC1927_P0262,WEC,delegate,Delegate,
M000279,WEC1927_P0263,WEC,delegate,Delegate,
M000280,WEC1927_P0264,WEC,delegate,Delegate,
M000281,WEC1927_P0265,WEC,delegate,Delegate,
M000282,WEC1927_P0266,WEC,delegate,Delegate,
M000283,WEC1927_P0267,WEC,delegate,Delegate,
M000284,WEC1927_P0268,WEC,delegate,Delegate,
M000285,WEC1927_P0269,WEC,delegate,Delegate,
M000286,WEC1927_P0270,WEC,delegate,Delegate,
M000287,WEC1927_P0271,WEC,delegate,Delegate,
M000288,WEC1927_P0272,WEC,delegate,Delegate,
M000289,WEC1927_P0273,WEC,delegate,Delegate,
M000290,WEC1927_P0274,WEC,delegate,Delegate,
M000291,WEC1927_P0275,WEC,delegate,Delegate,
M000292,WEC1927_P0276,WEC,delegate,Delegate,
M000293,WEC1927_P0277,WEC,delegate,Delegate,
M000294,WEC1927_P0278,WEC,delegate,Delegate,
M000295,WEC1927_P0279,WEC,delegate,Delegate,
M000296,WEC1927_P0280,WEC,delegate,Delegate,
M000297,WEC1927_P0281,WEC,delegate,Delegate,
M000298,WEC1927_P0282,WEC,delegate,Delegate,
M000299,WEC1927_P0283,WEC,delegate,Delegate,
M000300,WEC1927_P0284,WEC,delegate,Delegate,
M000301,WEC1927_P0285,WEC,delegate,Delegate,
M000302,WEC1927_P0286,WEC,delegate,Delegate,
M000303,WEC1927_P0287,WEC,delegate,Delegate,
M000304,WEC1927_P0288,WEC,delegate,Delegate,
M000305,WEC1927_P0289,WEC,delegate,Delegate,
M000306,WEC1927_P0290,WEC,vice_president,Vice-President of the Conference,
M000307,WEC1927_P0291,WEC,delegate,Delegate,
M000308,WEC1927_P0292,WEC,delegate,Delegate,
M000309,WEC1927_P0293,WEC,delegate,Delegate,
M000310,WEC1927_P0294,WEC,delegate,Delegate,
M000311,WEC1927_P0295,WEC,delegate,Delegate,
M000312,WEC1927_P0296,WEC,delegate,Delegate,
M000313,WEC1927_P0297,WEC,delegate,Delegate,
M000314,WEC1927_P0298,WEC,delegate,Delegate,
M000315,WEC1927_P0299,WEC,delegate,Delegate,
M000316,WEC1927_P0300,WEC,delegate,Delegate,
M000317,WEC1927_P0301,WEC,vice_president,Vice-President of the Conference,
M000318,WEC1927_P0302,WEC,delegate,Delegate,
M000319,WEC1927_P0303,WEC,delegate,Delegate,
M000320,WEC1927_P0304,WEC,delegate,Delegate,
M000321,WEC1927_P0305,WEC,delegate,Delegate,
M000322,WEC1927_P0306,WEC,delegate,Delegate,
M000323,WEC1927_P0307,WEC,delegate,Delegate,
M000324,WEC1927_P0308,WEC,delegate,Delegate,
M000325,WEC1927_P0309,WEC,delegate,Delegate,
M000326,WEC1927_P0310,WEC,delegate,Delegate,
M000327,WEC1927_P0311,WEC,delegate,Delegate,
M000328,WEC1927_P0312,WEC,delegate,Delegate,
M000329,WEC1927_P0313,WEC,delegate,Delegate,
M000330,WEC1927_P0314,WEC,delegate,Delegate,
M000331,WEC1927_P0315,WEC,delegate,Delegate,
M000332,WEC1927_P0316,WEC,delegate,Delegate,
M000333,WEC1927_P0317,WEC,delegate,Delegate,
M000334,WEC1927_P0318,WEC,delegate,Delegate,
M000335,WEC1927_P0319,WEC,delegate,Delegate,
M000336,WEC1927_P0320,WEC,delegate,Delegate,
M000337,WEC1927_P0321,WEC,delegate,Delegate,
M000338,WEC1927_P0322,WEC,delegate,Delegate,
M000339,WEC1927_P0323,WEC,delegate,Delegate,
M000340,WEC1927_P0324,WEC,delegate,Delegate,
M000341,WEC1927_P0325,WEC,delegate,Delegate,
M000342,WEC1927_P0326,WEC,delegate,Delegate,
M000343,WEC1927_P0327,WEC,delegate,Delegate,
M000344,WEC1927_P0328,WEC,delegate,Delegate,
M000345,WEC1927_P0329,WEC,delegate,Delegate,
M000346,WEC1927_P0330,WEC,delegate,Delegate,
M000347,WEC1927_P0331,WEC,delegate,Delegate,
M000348,WEC1927_P0332,WEC,delegate,Delegate,
M000349,WEC1927_P0333,WEC,delegate,Delegate,
M000350,WEC1927_P0334,WEC,delegate,Delegate,
M000351,WEC1927_P0335,WEC,delegate,Delegate,
M000352,WEC1927_P0336,WEC,delegate,Delegate,
M000353,WEC1927_P0337,WEC,delegate,Delegate,
M000354,WEC1927_P0338,WEC,delegate,Delegate,
M000355,WEC1927_P0339,WEC,delegate,Delegate,
M000356,WEC1927_P0340,WEC,delegate,Delegate,
M000357,WEC1927_P0341,WEC,delegate,Delegate,
M000358,WEC1927_P0342,WEC,delegate,Delegate,
M000359,WEC1927_P0343,WEC,delegate,Delegate,
M000360,WEC1927_P0344,WEC,delegate,Delegate,
M000361,WEC1927_P0345,WEC,delegate,Delegate,
M000362,WEC1927_P0346,WEC,delegate,Delegate,
M000363,WEC1927_P0347,WEC,delegate,Delegate,
M000364,WEC1927_P0348,WEC,delegate,Delegate,
M000365,WEC1927_P0349,WEC,delegate,Delegate,
M000366,WEC1927_P0350,WEC,delegate,Delegate,
M000367,WEC1927_P0351,WEC,delegate,Delegate,
M000368,WEC1927_P0352,WEC,delegate,Delegate,
M000369,WEC1927_P0353,WEC,delegate,Delegate,
M000370,WEC1927_P0354,WEC,delegate,Delegate,
M000371,WEC1927_P0355,WEC,delegate,Delegate,
M000372,WEC1927_P0356,WEC,delegate,Delegate,
M000373,WEC1927_P0357,WEC,delegate,Delegate,
M000374,WEC1927_P0358,WEC,delegate,Delegate,
M000375,WEC1927_P0359,WEC,delegate,Delegate,
M000376,WEC1927_P0360,WEC,delegate,Delegate,
M000377,WEC1927_P0361,WEC,delegate,Delegate,
M000378,WEC1927_P0362,WEC,delegate,Delegate,
M000379,WEC1927_P0363,WEC,delegate,Delegate,
M000380,WEC1927_P0364,WEC,delegate,Delegate,
M000381,WEC1927_P0365,WEC,delegate,Delegate,
M000382,WEC1927_P0366,WEC,delegate,Delegate,
M000383,WEC1927_P0367,WEC,delegate,Delegate,
M000384,WEC1927_P0368,WEC,delegate,Delegate,
M000385,WEC1927_P0369,WEC,delegate,Delegate,
M000386,WEC1927_P0370,WEC,delegate,Delegate,
M000387,WEC1927_P0371,WEC,delegate,Delegate,
M000388,WEC1927_P0372,WEC,delegate,Delegate,
M000389,WEC1927_P0373,WEC,delegate,Delegate,
M000390,WEC1927_P0374,WEC,delegate,Delegate,
M000391,WEC1927_P0375,WEC,delegate,Delegate,
M000392,WEC1927_P0376,WEC,delegate,Delegate,
M000393,WEC1927_P0377,WEC,delegate,Delegate,
M000394,WEC1927_P0378,WEC,delegate,Delegate,
M000395,WEC1927_P0379,WEC,delegate,Delegate,
M000396,WEC1927_P0380,WEC,delegate,Delegate,
M000397,WEC1927_P0381,WEC,delegate,Delegate,
M000398,WEC1927_P0382,WEC,delegate,Delegate,
M000399,WEC1927_P0383,WEC,delegate,Delegate,
M000400,WEC1927_P0384,WEC,delegate,Delegate,
M000401,WEC1927_P0385,WEC,delegate,Delegate,
M000402,WEC1927_P0386,WEC,delegate,Delegate,
M000403,WEC1927_P0387,WEC,delegate,Delegate,
M000404,WEC1927_P0388,WEC,delegate,Delegate,
M000405,WEC1927_P0389,WEC,delegate,Delegate,
M000406,WEC1927_P0390,WEC,delegate,Delegate,
M000407,WEC1927_P0391,WEC,delegate,Delegate,
M000408,WEC1927_P0392,WEC,delegate,Delegate,
M000409,WEC1927_P0393,WEC,delegate,Delegate,
M000410,WEC1927_P0394,WEC,delegate,Delegate,
M000411,WEC1927_P0395,WEC,delegate,Delegate,
M000412,WEC1927_P0396,WEC,delegate,Delegate,
M000413,WEC1927_P0397,WEC,delegate,Delegate,
M000414,WEC1927_P0398,WEC,delegate,Delegate,
M000415,WEC1927_P0399,WEC,delegate,Delegate,
M000416,WEC1927_P0400,WEC,delegate,Delegate,
M000417,WEC1927_P0401,WEC,delegate,Delegate,
M000418,WEC1927_P0402,WEC,delegate,Delegate,
M000419,WEC1927_P0403,WEC,delegate,Delegate,
M000420,WEC1927_P0404,WEC,delegate,Delegate,
M000421,WEC1927_P0405,WEC,delegate,Delegate,
M000422,WEC1927_P0406,WEC,delegate,Delegate,
M000423,WEC1927_P0407,WEC,delegate,Delegate,
M000424,WEC1927_P0408,WEC,delegate,Delegate,
M000425,WEC1927_P0409,WEC,delegate,Delegate,
M000426,WEC1927_P0410,WEC,delegate,Delegate,
M000427,WEC1927_P0411,WEC,delegate,Delegate,
M000428,WEC1927_P0412,WEC,delegate,Delegate,
M000429,WEC1927_P0413,WEC,delegate,Delegate,
M000430,WEC1927_P0414,WEC,vice_president,Vice-President of the Conference,
M000431,WEC1927_P0415,WEC,delegate,Delegate,
M000432,WEC1927_P0416,WEC,delegate,Delegate,
M000433,WEC1927_P0417,WEC,delegate,Delegate,
M000434,WEC1927_P0418,WEC,delegate,Delegate,
M000435,WEC1927_P0419,WEC,delegate,Delegate,
M000436,WEC1927_P0420,WEC,delegate,Delegate,
M000437,WEC1927_P0421,WEC,delegate,Delegate,
M000438,WEC1927_P0422,WEC,delegate,Delegate,
M000439,WEC1927_P0423,WEC,delegate,Delegate,
M000440,WEC1927_P0424,WEC,delegate,Delegate,
M000441,WEC1927_P0425,WEC,delegate,Delegate,
M000442,WEC1927_P0426,WEC,delegate,Delegate,
M000443,WEC1927_P0427,WEC,delegate,Delegate,
M000444,WEC1927_P0428,WEC,delegate,Delegate,
M000445,WEC1927_P0429,WEC,delegate,Delegate,
M000446,WEC1927_P0430,WEC,delegate,Delegate,
M000447,WEC1927_P0431,WEC,delegate,Delegate,
M000448,WEC1927_P0432,WEC,delegate,Delegate,
M000449,WEC1927_P0433,WEC,delegate,Delegate,
M000450,WEC1927_P0434,WEC,delegate,Delegate,
M000451,WEC1927_P0435,WEC,delegate,Delegate,
M000452,WEC1927_P0436,WEC,delegate,Delegate,
M000453,WEC1927_P0437,WEC,delegate,Delegate,
M000454,WEC1927_P0438,WEC,delegate,Delegate,
M000455,WEC1927_P0439,WEC,delegate,Delegate,
M000456,WEC1927_P0440,WEC,delegate,Delegate,
M000457,WEC1927_P0441,WEC,delegate,Delegate,
M000458,WEC1927_P0442,WEC,delegate,Delegate,
M000459,WEC1927_P0443,WEC,delegate,Delegate,
M000460,WEC1927_P0444,WEC,delegate,Delegate,
M000461,WEC1927_P0445,WEC,delegate,Delegate,
M000462,WEC1927_P0446,WEC,delegate,Delegate,
M000463,WEC1927_P0447,WEC,delegate,Delegate,
M000464,WEC1927_P0448,WEC,delegate,Delegate,
M000465,WEC1927_P0449,WEC,delegate,Delegate,
M000466,WEC1927_P0450,WEC,delegate,Delegate,
M000467,WEC1927_P0451,WEC,delegate,Delegate,
M000468,WEC1927_P0452,WEC,delegate,Delegate,
M000469,WEC1927_P0453,WEC,delegate,Delegate,
M000470,WEC1927_P0454,WEC,delegate,Delegate,
M000471,WEC1927_P0455,WEC,delegate,Delegate,
M000472,WEC1927_P0456,WEC,delegate,Delegate,
M000473,WEC1927_P0457,WEC,delegate,Delegate,
M000474,WEC1927_P0458,WEC,delegate,Delegate,
M000475,WEC1927_P0459,WEC,delegate,Delegate,
M000476,WEC1927_P0460,WEC,delegate,Delegate,
M000477,WEC1927_P0461,WEC,delegate,Delegate,
M000478,WEC1927_P0462,WEC,delegate,Delegate,
M000479,WEC1927_P0463,WEC,delegate,Delegate,
M000480,WEC1927_P0464,WEC,delegate,Delegate,
M000481,WEC1927_P0465,WEC,expert,Expert invited by the President of the Conference,
M000482,WEC1927_P0466,WEC,expert,Expert invited by the President of the Conference,
M000483,WEC1927_P0467,WEC,expert,Expert invited by the President of the Conference,
M000484,WEC1927_P0468,WEC,expert,Expert invited by the President of the Conference,
M000485,WEC1927_P0469,WEC,expert,Expert invited by the President of the Conference,
M000486,WEC1927_P0470,WEC,expert,Expert invited by the President of the Conference,
M000487,WEC1927_P0471,WEC,expert,Expert invited by the President of the Conference,
M000488,WEC1927_P0472,WEC,expert,Expert invited by the President of the Conference,
M000489,WEC1927_P0473,WEC,expert,Expert invited by the President of the Conference,
M000490,WEC1927_P0474,WEC,observer,Observer,
M000491,WEC1927_P0475,WEC,observer,Observer,
M000492,WEC1927_P0476,WEC,observer,Observer,
M000493,WEC1927_P0477,WEC,observer,Observer,
M000494,WEC1927_P0478,WEC,observer,Observer,
M000495,WEC1927_P0479,WEC,observer,Observer,
M000496,WEC1927_P0480,WEC,observer,Observer,
M000497,WEC1927_P0481,WEC,observer,Observer,
M000498,WEC1927_P0482,WEC,expert,Expert invited by the President of the Conference,
M000499,WEC1927_P0483,WEC,observer,Observer,
M000500,WEC1927_P0484,WEC,delegate,Delegate,
M000501,WEC1927_P0485,WEC,delegate,Delegate,
M000502,WEC1927_P0486,WEC,delegate,Delegate,
M000503,WEC1927_P0487,WEC,delegate,Delegate,
M000504,WEC1927_P0488,WEC,delegate,Delegate,
M000505,WEC1927_P0489,WEC,delegate,Delegate,
M000506,WEC1927_P0490,WEC,delegate,Delegate,
M000507,WEC1927_P0491,WEC,president,President of the Conference,
M000508,WEC1927_P0002,COM_I,member,Member,
M000509,WEC1927_P0025,COM_I,member,Member,
M000510,WEC1927_P0026,COM_I,member,Member,
M000511,WEC1927_P0039,COM_I,member,Member,
M000512,WEC1927_P0027,COM_I,member,Member,
M000513,WEC1927_P0028,COM_I,member,Member,
M000514,WEC1927_P0029,COM_I,member,Member,
M000515,WEC1927_P0030,COM_I,member,Member,
M000516,WEC1927_P0037,COM_I,member,Member,
M000517,WEC1927_P0038,COM_I,member,Member,
M000518,WEC1927_P0049,COM_I,member,Member,
M000519,WEC1927_P0050,COM_I,member,Member,
M000520,WEC1927_P0071,COM_I,member,Member,
M000521,WEC1927_P0484,COM_I,member,Member,
M000522,WEC1927_P0072,COM_I,member,Member,
M000523,WEC1927_P0073,COM_I,member,Member,
M000524,WEC1927_P0074,COM_I,member,Member,
M000525,WEC1927_P0075,COM_I,member,Member,
M000526,WEC1927_P0084,COM_I,member,Member,
M000527,WEC1927_P0489,COM_I,member,Member,
M000528,WEC1927_P0086,COM_I,member,Member,
M000529,WEC1927_P0091,COM_I,member,Member,
M000530,WEC1927_P0092,COM_I,member,Member,
M000531,WEC1927_P0100,COM_I,member,Member,
M000532,WEC1927_P0105,COM_I,member,Member,
M000533,WEC1927_P0108,COM_I,member,Member,
M000534,WEC1927_P0384,COM_I,member,Member,
M000535,WEC1927_P0387,COM_I,member,Member,
M000536,WEC1927_P0390,COM_I,member,Member,
M000537,WEC1927_P0111,COM_I,member,Member,
M000538,WEC1927_P0116,COM_I,member,Member,
M000539,WEC1927_P0119,COM_I,member,Member,
M000540,WEC1927_P0121,COM_I,member,Member,
M000541,WEC1927_P0122,COM_I,member,Member,
M000542,WEC1927_P0123,COM_I,member,Member,
M000543,WEC1927_P0129,COM_I,member,Member,
M000544,WEC1927_P0133,COM_I,member,Member,
M000545,WEC1927_P0160,COM_I,member,Member,
M000546,WEC1927_P0152,COM_I,member,Member,
M000547,WEC1927_P0156,COM_I,member,Member,
M000548,WEC1927_P0159,COM_I,member,Member,
M000549,WEC1927_P0158,COM_I,member,Member,
M000550,WEC1927_P0198,COM_I,member,Member,
M000551,WEC1927_P0202,COM_I,member,Member,
M000552,WEC1927_P0201,COM_I,member,Member,
M000553,WEC1927_P0200,COM_I,member,Member,
M000554,WEC1927_P0204,COM_I,member,Member,
M000555,WEC1927_P0207,COM_I,member,Member,
M000556,WEC1927_P0211,COM_I,member,Member,
M000557,WEC1927_P0213,COM_I,member,Member,
M000558,WEC1927_P0004,COM_I,member,Member,
M000559,WEC1927_P0008,COM_I,member,Member,
M000560,WEC1927_P0223,COM_I,member,Member,
M000561,WEC1927_P0224,COM_I,member,Member,
M000562,WEC1927_P0231,COM_I,member,Member,
M000563,WEC1927_P0235,COM_I,member,Member,
M000564,WEC1927_P0237,COM_I,member,Member,
M000565,WEC1927_P0250,COM_I,member,Member,
M000566,WEC1927_P0252,COM_I,member,Member,
M000567,WEC1927_P0253,COM_I,member,Member,
M000568,WEC1927_P0268,COM_I,member,Member,
M000569,WEC1927_P0275,COM_I,member,Member,
M000570,WEC1927_P0279,COM_I,member,Member,
M000571,WEC1927_P0281,COM_I,member,Member,
M000572,WEC1927_P0283,COM_I,member,Member,
M000573,WEC1927_P0284,COM_I,member,Member,
M000574,WEC1927_P0285,COM_I,member,Member,
M000575,WEC1927_P0286,COM_I,member,Member,
M000576,WEC1927_P0288,COM_I,member,Member,
M000577,WEC1927_P0290,COM_I,member,Member,
M000578,WEC1927_P0297,COM_I,member,Member,
M000579,WEC1927_P0298,COM_I,member,Member,
M000580,WEC1927_P0301,COM_I,member,Member,
M000581,WEC1927_P0302,COM_I,member,Member,
M000582,WEC1927_P0303,COM_I,member,Member,
M000583,WEC1927_P0307,COM_I,member,Member,
M000584,WEC1927_P0308,COM_I,member,Member,
M000585,WEC1927_P0309,COM_I,member,Member,
M000586,WEC1927_P0319,COM_I,member,Member,
M000587,WEC1927_P0334,COM_I,member,Member,
M000588,WEC1927_P0337,COM_I,member,Member,
M000589,WEC1927_P0338,COM_I,member,Member,
M000590,WEC1927_P0339,COM_I,member,Member,
M000591,WEC1927_P0344,COM_I,member,Member,
M000592,WEC1927_P0347,COM_I,member,Member,
M000593,WEC1927_P0350,COM_I,member,Member,
M000594,WEC1927_P0366,COM_I,member,Member,
M000595,WEC1927_P0367,COM_I,member,Member,
M000596,WEC1927_P0369,COM_I,member,Member,
M000597,WEC1927_P0371,COM_I,member,Member,
M000598,WEC1927_P0373,COM_I,member,Member,
M000599,WEC1927_P0375,COM_I,member,Member,
M000600,WEC1927_P0407,COM_I,member,Member,
M000601,WEC1927_P0409,COM_I,member,Member,
M000602,WEC1927_P0436,COM_I,member,Member,
M000603,WEC1927_P0414,COM_I,member,Member,
M000604,WEC1927_P0416,COM_I,member,Member,
M000605,WEC1927_P0420,COM_I,member,Member,
M000606,WEC1927_P0421,COM_I,member,Member,
M000607,WEC1927_P0136,COM_I,member,Member,
M000608,WEC1927_P0138,COM_I,member,Member,
M000609,WEC1927_P0141,COM_I,member,Member,
M000610,WEC1927_P0439,COM_I,member,Member,
M000611,WEC1927_P0446,COM_I,member,Member,
M000612,WEC1927_P0447,COM_I,member,Member,
M000613,WEC1927_P0453,COM_I,member,Member,
M000614,WEC1927_P0466,COM_I,member,Member,
M000615,WEC1927_P0467,COM_I,member,Member,
M000616,WEC1927_P0472,COM_I,member,Member,
M000617,WEC1927_P0475,COM_I,observer,Observer,
M000618,WEC1927_P0478,COM_I,observer,Observer,
M000619,WEC1927_P0452,COM_I_SC_I,chair,Chairman,
M000620,WEC1927_P0002,COM_I_SC_I,member,Member,
M000621,WEC1927_P0025,COM_I_SC_I,member,Member,
M000622,WEC1927_P0039,COM_I_SC_I,member,Member,
M000623,WEC1927_P0028,COM_I_SC_I,member,Member,
M000624,WEC1927_P0037,COM_I_SC_I,member,Member,
M000625,WEC1927_P0050,COM_I_SC_I,member,Member,
M000626,WEC1927_P0071,COM_I_SC_I,member,Member,
M000627,WEC1927_P0072,COM_I_SC_I,member,Member,
M000628,WEC1927_P0489,COM_I_SC_I,member,Member,
M000629,WEC1927_P0091,COM_I_SC_I,member,Member,
M000630,WEC1927_P0092,COM_I_SC_I,member,Member,
M000631,WEC1927_P0100,COM_I_SC_I,member,Member,
M000632,WEC1927_P0105,COM_I_SC_I,member,Member,
M000633,WEC1927_P0384,COM_I_SC_I,member,Member,
M000634,WEC1927_P0387,COM_I_SC_I,member,Member,
M000635,WEC1927_P0119,COM_I_SC_I,member,Member,
M000636,WEC1927_P0111,COM_I_SC_I,member,Member,
M000637,WEC1927_P0121,COM_I_SC_I,member,Member,
M000638,WEC1927_P0129,COM_I_SC_I,member,Member,
M000639,WEC1927_P0152,COM_I_SC_I,member,Member,
M000640,WEC1927_P0158,COM_I_SC_I,member,Member,
M000641,WEC1927_P0160,COM_I_SC_I,member,Member,
M000642,WEC1927_P0159,COM_I_SC_I,member,Member,
M000643,WEC1927_P0008,COM_I_SC_I,member,Member,
M000644,WEC1927_P0198,COM_I_SC_I,member,Member,
M000645,WEC1927_P0204,COM_I_SC_I,member,Member,
M000646,WEC1927_P0213,COM_I_SC_I,member,Member,
M000647,WEC1927_P0224,COM_I_SC_I,member,Member,
M000648,WEC1927_P0237,COM_I_SC_I,member,Member,
M000649,WEC1927_P0253,COM_I_SC_I,member,Member,
M000650,WEC1927_P0286,COM_I_SC_I,member,Member,
M000651,WEC1927_P0281,COM_I_SC_I,member,Member,
M000652,WEC1927_P0279,COM_I_SC_I,member,Member,
M000653,WEC1927_P0338,COM_I_SC_I,member,Member,
M000654,WEC1927_P0302,COM_I_SC_I,member,Member,
M000655,WEC1927_P0369,COM_I_SC_I,member,Member,
M000656,WEC1927_P0375,COM_I_SC_I,member,Member,
M000657,WEC1927_P0141,COM_I_SC_I,member,Member,
M000658,WEC1927_P0407,COM_I_SC_I,member,Member,
M000659,WEC1927_P0416,COM_I_SC_I,member,Member,
M000660,WEC1927_P0447,COM_I_SC_I,member,Member,
M000661,WEC1927_P0453,COM_I_SC_I,member,Member,
M000662,WEC1927_P0466,COM_I_SC_I,member,Member,
M000663,WEC1927_P0284,COM_I_SC_II,chair,Chairman,
M000664,WEC1927_P0136,COM_I_SC_II,rapporteur,Rapporteur,
M000665,WEC1927_P0038,COM_I_SC_II,rapporteur,Rapporteur,
M000666,WEC1927_P0025,COM_I_SC_II,member,Member,
M000667,WEC1927_P0039,COM_I_SC_II,member,Member,
M000668,WEC1927_P0028,COM_I_SC_II,member,Member,
M000669,WEC1927_P0030,COM_I_SC_II,member,Member,
M000670,WEC1927_P0049,COM_I_SC_II,member,Member,
M000671,WEC1927_P0071,COM_I_SC_II,member,Member,
M000672,WEC1927_P0074,COM_I_SC_II,member,Member,
M000673,WEC1927_P0084,COM_I_SC_II,member,Member,
M000674,WEC1927_P0092,COM_I_SC_II,member,Member,
M000675,WEC1927_P0100,COM_I_SC_II,member,Member,
M000676,WEC1927_P0105,COM_I_SC_II,member,Member,
M000677,WEC1927_P0105,COM_I_SC_II,member,Member,
M000678,WEC1927_P0389,COM_I_SC_II,member,Member,Deputy of Dvoracek
M000679,WEC1927_P0394,COM_I_SC_II,member,Member,Deputy of Dvoracek
M000680,WEC1927_P0387,COM_I_SC_II,member,Member,
M000681,WEC1927_P0122,COM_I_SC_II,member,Member,
M000682,WEC1927_P0123,COM_I_SC_II,member,Member,
M000683,WEC1927_P0129,COM_I_SC_II,member,Member,
M000684,WEC1927_P0130,COM_I_SC_II,member,Member,Deputy of Kukk
M000685,WEC1927_P0130,COM_I_SC_II,member,Member,
M000686,WEC1927_P0158,COM_I_SC_II,member,Member,
M000687,WEC1927_P0159,COM_I_SC_II,member,Member,
M000688,WEC1927_P0160,COM_I_SC_II,member,Member,
M000689,WEC1927_P0008,COM_I_SC_II,member,Member,
M000690,WEC1927_P0201,COM_I_SC_II,member,Member,
M000691,WEC1927_P0237,COM_I_SC_II,member,Member,
M000692,WEC1927_P0250,COM_I_SC_II,member,Member,
M000693,WEC1927_P0252,COM_I_SC_II,member,Member,
M000694,WEC1927_P0255,COM_I_SC_II,member,Member,Deputy of Uyeda
M000695,WEC1927_P0268,COM_I_SC_II,member,Member,
M000696,WEC1927_P0275,COM_I_SC_II,member,Member,
M000697,WEC1927_P0281,COM_I_SC_II,member,Member,
M000698,WEC1927_P0492,COM_I_SC_II,member,Member,Deputy of Elliot
M000699,WEC1927_P0286,COM_I_SC_II,member,Member,
M000700,WEC1927_P0298,COM_I_SC_II,member,Member,
M000701,WEC1927_P0301,COM_I_SC_II,member,Member,Deputy of Dolezal
M000702,WEC1927_P0302,COM_I_SC_II,member,Member,
M000703,WEC1927_P0307,COM_I_SC_II,member,Member,Deputy of Dolezal
M000704,WEC1927_P0334,COM_I_SC_II,member,Member,
M000705,WEC1927_P0339,COM_I_SC_II,member,Member,
M000706,WEC1927_P0337,COM_I_SC_II,member,Member,
M000707,WEC1927_P0344,COM_I_SC_II,member,Member,
M000708,WEC1927_P0002,COM_I_SC_II,member,Member,
M000709,WEC1927_P0369,COM_I_SC_II,member,Member,
M000710,WEC1927_P0367,COM_I_SC_II,member,Member,
M000711,WEC1927_P0373,COM_I_SC_II,member,Member,
M000712,WEC1927_P0416,COM_I_SC_II,member,Member,
M000713,WEC1927_P0420,COM_I_SC_II,member,Member,Deputy of Khinchuk
M000714,WEC1927_P0141,COM_I_SC_II,member,Member,
M000715,WEC1927_P0447,COM_I_SC_II,member,Member,
M000716,WEC1927_P0453,COM_I_SC_II,member,Member,
M000717,WEC1927_P0459,COM_I_SC_II,member,Member,
M000718,WEC1927_P0466,COM_I_SC_II,member,Member,
M000719,WEC1927_P0366,COM_I_SC_III,chair,Chairman,
M000720,WEC1927_P0025,COM_I_SC_III,member,Member,
M000721,WEC1927_P0039,COM_I_SC_III,member,Member,
M000722,WEC1927_P0029,COM_I_SC_III,member,Member,
M000723,WEC1927_P0035,COM_I_SC_III,member,Member,
M000724,WEC1927_P0037,COM_I_SC_III,member,Member,
M000725,WEC1927_P0049,COM_I_SC_III,member,Member,
M000726,WEC1927_P0073,COM_I_SC_III,member,Member,
M000727,WEC1927_P0100,COM_I_SC_III,member,Member,
M000728,WEC1927_P0108,COM_I_SC_III,member,Member,
M000729,WEC1927_P0384,COM_I_SC_III,member,Member,
M000730,WEC1927_P0387,COM_I_SC_III,member,Member,
M000731,WEC1927_P0390,COM_I_SC_III,member,Member,
M000732,WEC1927_P0393,COM_I_SC_III,member,Member,
M000733,WEC1927_P0115,COM_I_SC_III,member,Member,
M000734,WEC1927_P0129,COM_I_SC_III,member,Member,
M000735,WEC1927_P0156,COM_I_SC_III,member,Member,
M000736,WEC1927_P0158,COM_I_SC_III,member,Member,
M000737,WEC1927_P0159,COM_I_SC_III,member,Member,
M000738,WEC1927_P0160,COM_I_SC_III,member,Member,
M000739,WEC1927_P0184,COM_I_SC_III,member,Member,
M000740,WEC1927_P0004,COM_I_SC_III,member,Member,
M000741,WEC1927_P0007,COM_I_SC_III,member,Member,
M000742,WEC1927_P0008,COM_I_SC_III,member,Member,
M000743,WEC1927_P0202,COM_I_SC_III,member,Member,
M000744,WEC1927_P0224,COM_I_SC_III,member,Member,
M000745,WEC1927_P0237,COM_I_SC_III,member,Member,
M000746,WEC1927_P0244,COM_I_SC_III,member,Member,
M000747,WEC1927_P0250,COM_I_SC_III,member,Member,
M000748,WEC1927_P0260,COM_I_SC_III,member,Member,
M000749,WEC1927_P0279,COM_I_SC_III,member,Member,
M000750,WEC1927_P0315,COM_I_SC_III,member,Member,
M000751,WEC1927_P0319,COM_I_SC_III,member,Member,
M000752,WEC1927_P0320,COM_I_SC_III,member,Member,
M000753,WEC1927_P0338,COM_I_SC_III,member,Member,
M000754,WEC1927_P0342,COM_I_SC_III,member,Member,
M000755,WEC1927_P0355,COM_I_SC_III,member,Member,
M000756,WEC1927_P0367,COM_I_SC_III,member,Member,
M000757,WEC1927_P0373,COM_I_SC_III,member,Member,
M000758,WEC1927_P0407,COM_I_SC_III,member,Member,
M000759,WEC1927_P0141,COM_I_SC_III,member,Member,
M000760,WEC1927_P0453,COM_I_SC_III,member,Member,
M000761,WEC1927_P0462,COM_I_SC_III,member,Member,
M000762,WEC1927_P0493,COM_I_SC_III,member,Member,
M000763,WEC1927_P0494,COM_I_SC_III,member,Member,
M000764,WEC1927_P0386,COM_II,chair,Chairman,
M000765,WEC1927_P0090,COM_II,vice_chair,Vice-Chairman,
M000766,WEC1927_P0337,COM_II,vice_chair,Vice-Chairman,
M000767,WEC1927_P0076,COM_II,vice_chair,Vice-Chairman,
M000768,WEC1927_P0162,COM_II,rapporteur,Rapporteur,
M000769,WEC1927_P0234,COM_II,rapporteur,Rapporteur,
M000770,WEC1927_P0001,COM_II,member,Member,
M000771,WEC1927_P0025,COM_II,member,Member,
M000772,WEC1927_P0026,COM_II,member,Member,
M000773,WEC1927_P0039,COM_II,member,Member,
M000774,WEC1927_P0027,COM_II,member,Member,
M000775,WEC1927_P0028,COM_II,member,Member,
M000776,WEC1927_P0029,COM_II,member,Member,
M000777,WEC1927_P0030,COM_II,member,Member,
M000778,WEC1927_P0048,COM_II,member,Member,
M000779,WEC1927_P0050,COM_II,member,Member,
M000780,WEC1927_P0062,COM_II,member,Member,
M000781,WEC1927_P0038,COM_II,member,Member,
M000782,WEC1927_P0069,COM_II,member,Member,
M000783,WEC1927_P0072,COM_II,member,Member,
M000784,WEC1927_P0075,COM_II,member,Member,
M000785,WEC1927_P0076,COM_II,member,Member,
M000786,WEC1927_P0485,COM_II,member,Member,
M000787,WEC1927_P0486,COM_II,member,Member,
M000788,WEC1927_P0487,COM_II,member,Member,
M000789,WEC1927_P0488,COM_II,member,Member,
M000790,WEC1927_P0490,COM_II,member,Member,
M000791,WEC1927_P0090,COM_II,member,Member,
M000792,WEC1927_P0101,COM_II,member,Member,
M000793,WEC1927_P0107,COM_II,member,Member,
M000794,WEC1927_P0386,COM_II,member,Member,
M000795,WEC1927_P0387,COM_II,member,Member,
M000796,WEC1927_P0388,COM_II,member,Member,
M000797,WEC1927_P0397,COM_II,member,Member,
M000798,WEC1927_P0401,COM_II,member,Member,
M000799,WEC1927_P0405,COM_II,member,Member,
M000800,WEC1927_P0114,COM_II,member,Member,
M000801,WEC1927_P0113,COM_II,member,Member,
M000802,WEC1927_P0115,COM_II,member,Member,
M000803,WEC1927_P0120,COM_II,member,Member,
M000804,WEC1927_P0124,COM_II,member,Member,
M000805,WEC1927_P0126,COM_II,member,Member,
M000806,WEC1927_P0131,COM_II,member,Member,
M000807,WEC1927_P0158,COM_II,member,Member,
M000808,WEC1927_P0159,COM_II,member,Member,
M000809,WEC1927_P0162,COM_II,member,Member,
M000810,WEC1927_P0174,COM_II,member,Member,
M000811,WEC1927_P0192,COM_II,member,Member,
M000812,WEC1927_P0006,COM_II,member,Member,
M000813,WEC1927_P0007,COM_II,member,Member,
M000814,WEC1927_P0013,COM_II,member,Member,
M000815,WEC1927_P0207,COM_II,member,Member,
M000816,WEC1927_P0211,COM_II,member,Member,
M000817,WEC1927_P0222,COM_II,member,Member,
M000818,WEC1927_P0224,COM_II,member,Member,
M000819,WEC1927_P0227,COM_II,member,Member,
M000820,WEC1927_P0228,COM_II,member,Member,
M000821,WEC1927_P0230,COM_II,member,Member,
M000822,WEC1927_P0234,COM_II,member,Member,
M000823,WEC1927_P0235,COM_II,member,Member,
M000824,WEC1927_P0240,COM_II,member,Member,
M000825,WEC1927_P0241,COM_II,member,Member,
M000826,WEC1927_P0251,COM_II,member,Member,
M000827,WEC1927_P0269,COM_II,member,Member,
M000828,WEC1927_P0284,COM_II,member,Member,
M000829,WEC1927_P0285,COM_II,member,Member,
M000830,WEC1927_P0286,COM_II,member,Member,
M000831,WEC1927_P0289,COM_II,member,Member,
M000832,WEC1927_P0292,COM_II,member,Member,
M000833,WEC1927_P0447,COM_II,member,Member,
M000834,WEC1927_P0275,COM_II,member,Member,
M000835,WEC1927_P0277,COM_II,member,Member,
M000836,WEC1927_P0278,COM_II,member,Member,
M000837,WEC1927_P0297,COM_II,member,Member,
M000838,WEC1927_P0298,COM_II,member,Member,
M000839,WEC1927_P0301,COM_II,member,Member,
M000840,WEC1927_P0303,COM_II,member,Member,
M000841,WEC1927_P0307,COM_II,member,Member,
M000842,WEC1927_P0308,COM_II,member,Member,
M000843,WEC1927_P0309,COM_II,member,Member,
M000844,WEC1927_P0312,COM_II,member,Member,
M000845,WEC1927_P0333,COM_II,member,Member,
M000846,WEC1927_P0337,COM_II,member,Member,
M000847,WEC1927_P0340,COM_II,member,Member,
M000848,WEC1927_P0341,COM_II,member,Member,
M000849,WEC1927_P0349,COM_II,member,Member,
M000850,WEC1927_P0350,COM_II,member,Member,
M000851,WEC1927_P0352,COM_II,member,Member,
M000852,WEC1927_P0363,COM_II,member,Member,
M000853,WEC1927_P0366,COM_II,member,Member,
M000854,WEC1927_P0367,COM_II,member,Member,
M000855,WEC1927_P0368,COM_II,member,Member,
M000856,WEC1927_P0369,COM_II,member,Member,
M000857,WEC1927_P0371,COM_II,member,Member,
M000858,WEC1927_P0379,COM_II,member,Member,
M000859,WEC1927_P0381,COM_II,member,Member,
M000860,WEC1927_P0407,COM_II,member,Member,
M000861,WEC1927_P0409,COM_II,member,Member,
M000862,WEC1927_P0414,COM_II,member,Member,
M000863,WEC1927_P0415,COM_II,member,Member,
M000864,WEC1927_P0417,COM_II,member,Member,
M000865,WEC1927_P0422,COM_II,member,Member,
M000866,WEC1927_P0440,COM_II,member,Member,
M000867,WEC1927_P0448,COM_II,member,Member,
M000868,WEC1927_P0449,COM_II,member,Member,
M000869,WEC1927_P0451,COM_II,member,Member,
M000870,WEC1927_P0454,COM_II,member,Member,
M000871,WEC1927_P0467,COM_II,member,Member,
M000872,WEC1927_P0468,COM_II,member,Member,
M000873,WEC1927_P0475,COM_II,observer,Observer,
M000874,WEC1927_P0478,COM_II,observer,Observer,
M000875,WEC1927_P0134,COM_II,member,Member,
M000876,WEC1927_P0137,COM_II,member,Member,
M000877,WEC1927_P0138,COM_II,member,Member,
M000878,WEC1927_P0348,COM_III,chair,Chairman,
M000879,WEC1927_P0209,COM_III,vice_chair,Vice-Chairman,
M000880,WEC1927_P0223,COM_III,vice_chair,Vice-Chairman,
M000881,WEC1927_P0005,COM_III,rapporteur,Rapporteur,
M000882,WEC1927_P0376,COM_III,rapporteur,Rapporteur,
M000883,WEC1927_P0001,COM_III,member,Member,
M000884,WEC1927_P0025,COM_III,member,Member,
M000885,WEC1927_P0026,COM_III,member,Member,
M000886,WEC1927_P0039,COM_III,member,Member,
M000887,WEC1927_P0033,COM_III,member,Member,
M000888,WEC1927_P0034,COM_III,member,Member,
M000889,WEC1927_P0036,COM_III,member,Member,
M000890,WEC1927_P0037,COM_III,member,Member,
M000891,WEC1927_P0054,COM_III,member,Member,
M000892,WEC1927_P0055,COM_III,member,Member,
M000893,WEC1927_P0068,COM_III,member,Member,
M000894,WEC1927_P0070,COM_III,member,Member,
M000895,WEC1927_P0074,COM_III,member,Member,
M000896,WEC1927_P0076,COM_III,member,Member,
M000897,WEC1927_P0078,COM_III,member,Member,
M000898,WEC1927_P0080,COM_III,member,Member,
M000899,WEC1927_P0487,COM_III,member,Member,
M000900,WEC1927_P0084,COM_III,member,Member,
M000901,WEC1927_P0082,COM_III,member,Member,
M000902,WEC1927_P0085,COM_III,member,Member,
M000903,WEC1927_P0086,COM_III,member,Member,
M000904,WEC1927_P0087,COM_III,member,Member,
M000905,WEC1927_P0100,COM_III,member,Member,
M000906,WEC1927_P0106,COM_III,member,Member,
M000907,WEC1927_P0385,COM_III,member,Member,
M000908,WEC1927_P0390,COM_III,member,Member,
M000909,WEC1927_P0398,COM_III,member,Member,
M000910,"WEC1927_P0402	Mecir",COM_III,member,Member,
M000911,WEC1927_P0112,COM_III,member,Member,
M000912,WEC1927_P0116,COM_III,member,Member,
M000913,WEC1927_P0125,COM_III,member,Member,
M000914,WEC1927_P0128,COM_III,member,Member,
M000915,WEC1927_P0129,COM_III,member,Member,
M000916,WEC1927_P0132,COM_III,member,Member,
M000917,WEC1927_P0154,COM_III,member,Member,
M000918,WEC1927_P0161,COM_III,member,Member,
M000919,WEC1927_P0163,COM_III,member,Member,
M000920,WEC1927_P0174,COM_III,member,Member,
M000921,WEC1927_P0005,COM_III,member,Member,
M000922,WEC1927_P0010,COM_III,member,Member,
M000923,WEC1927_P0011,COM_III,member,Member,
M000924,WEC1927_P0012,COM_III,member,Member,
M000925,WEC1927_P0020,COM_III,member,Member,
M000926,WEC1927_P0199,COM_III,member,Member,
M000927,WEC1927_P0207,COM_III,member,Member,
M000928,WEC1927_P0209,COM_III,member,Member,
M000929,WEC1927_P0223,COM_III,member,Member,
M000930,WEC1927_P0225,COM_III,member,Member,
M000931,WEC1927_P0227,COM_III,member,Member,
M000932,WEC1927_P0236,COM_III,member,Member,
M000933,WEC1927_P0254,COM_III,member,Member,
M000934,WEC1927_P0495,COM_III,member,Member,
M000935,WEC1927_P0267,COM_III,member,Member,
M000936,WEC1927_P0270,COM_III,member,Member,
M000937,WEC1927_P0281,COM_III,member,Member,
M000938,WEC1927_P0282,COM_III,member,Member,
M000939,WEC1927_P0288,COM_III,member,Member,
M000940,WEC1927_P0276,COM_III,member,Member,
M000941,WEC1927_P0277,COM_III,member,Member,
M000942,WEC1927_P0283,COM_III,member,Member,
M000943,WEC1927_P0299,COM_III,member,Member,
M000944,WEC1927_P0305,COM_III,member,Member,
M000945,WEC1927_P0309,COM_III,member,Member,
M000946,WEC1927_P0310,COM_III,member,Member,
M000947,WEC1927_P0313,COM_III,member,Member,
M000948,WEC1927_P0316,COM_III,member,Member,
M000949,WEC1927_P0323,COM_III,member,Member,
M000950,WEC1927_P0335,COM_III,member,Member,
M000951,WEC1927_P0338,COM_III,member,Member,
M000952,WEC1927_P0339,COM_III,member,Member,
M000953,WEC1927_P0343,COM_III,member,Member,
M000954,WEC1927_P0344,COM_III,member,Member,
M000955,WEC1927_P0347,COM_III,member,Member,
M000956,WEC1927_P0364,COM_III,member,Member,
M000957,WEC1927_P0370,COM_III,member,Member,
M000958,WEC1927_P0376,COM_III,member,Member,
M000959,WEC1927_P0381,COM_III,member,Member,
M000960,WEC1927_P0411,COM_III,member,Member,
M000961,WEC1927_P0414,COM_III,member,Member,
M000962,WEC1927_P0421,COM_III,member,Member,
M000963,WEC1927_P0436,COM_III,member,Member,
M000964,WEC1927_P0139,COM_III,member,Member,
M000965,WEC1927_P0144,COM_III,member,Member,
M000966,WEC1927_P0446,COM_III,member,Member,"""replaced later by M. Poisson"""
M000967,WEC1927_P0441,COM_III,member,Member,"""replaced later by M. Louis Dop"""
M000968,WEC1927_P0442,COM_III,member,Member,replaced de Michelis
M000969,WEC1927_P0190,COM_III,member,Member,replaced M. H. T. May
M000970,WEC1927_P0465,COM_III,member,Member,
M000971,WEC1927_P0448,COM_III,member,Member,
M000972,WEC1927_P0477,COM_III,observer,Observer,
M000973,WEC1927_P0479,COM_III,observer,Observer,
M000974,WEC1927_P0161,COM_III_SC_I,chair,Chairman,
M000975,WEC1927_P0100,COM_III_SC_I,vice_chair,Vice-Chairman,
M000976,WEC1927_P0033,COM_III_SC_I,member,Member,
M000977,WEC1927_P0054,COM_III_SC_I,member,Member,
M000978,WEC1927_P0055,COM_III_SC_I,member,Member,
M000979,WEC1927_P0037,COM_III_SC_I,member,Member,
M000980,WEC1927_P0070,COM_III_SC_I,member,Member,
M000981,WEC1927_P0087,COM_III_SC_I,member,Member,
M000982,WEC1927_P0398,COM_III_SC_I,member,Member,
M000983,WEC1927_P0390,COM_III_SC_I,member,Member,
M000984,WEC1927_P0402,COM_III_SC_I,member,Member,
M000985,WEC1927_P0112,COM_III_SC_I,member,Member,
M000986,WEC1927_P0116,COM_III_SC_I,member,Member,
M000987,WEC1927_P0163,COM_III_SC_I,member,Member,
M000988,WEC1927_P0010,COM_III_SC_I,member,Member,
M000989,WEC1927_P0011,COM_III_SC_I,member,Member,
M000990,WEC1927_P0012,COM_III_SC_I,member,Member,
M000991,WEC1927_P0487,COM_III_SC_I,member,Member,
M000992,WEC1927_P0199,COM_III_SC_I,member,Member,
M000993,WEC1927_P0209,COM_III_SC_I,member,Member,
M000994,WEC1927_P0223,COM_III_SC_I,member,Member,
M000995,WEC1927_P0225,COM_III_SC_I,member,Member,
M000996,WEC1927_P0227,COM_III_SC_I,member,Member,
M000997,WEC1927_P0254,COM_III_SC_I,member,Member,
M000998,WEC1927_P0313,COM_III_SC_I,member,Member,
M000999,WEC1927_P0316,COM_III_SC_I,member,Member,
M001000,WEC1927_P0323,COM_III_SC_I,member,Member,
M001001,WEC1927_P0335,COM_III_SC_I,member,Member,
M001002,WEC1927_P0343,COM_III_SC_I,member,Member,
M001003,WEC1927_P0370,COM_III_SC_I,member,Member,
M001004,WEC1927_P0144,COM_III_SC_I,member,Member,
M001005,WEC1927_P0139,COM_III_SC_I,member,Member,
M001006,WEC1927_P0442,COM_III_SC_I,member,Member,
M001007,WEC1927_P0385,COM_III_SC_II,chair,Chairman,
M001008,WEC1927_P0364,COM_III_SC_II,vice_chair,Vice-Chairman,
M001009,WEC1927_P0026,COM_III_SC_II,member,Member,
M001010,WEC1927_P0034,COM_III_SC_II,member,Member,
M001011,WEC1927_P0049,COM_III_SC_II,member,Member,
M001012,WEC1927_P0070,COM_III_SC_II,member,Member,
M001013,WEC1927_P0078,COM_III_SC_II,member,Member,
M001014,WEC1927_P0085,COM_III_SC_II,member,Member,
M001015,WEC1927_P0087,COM_III_SC_II,member,Member,
M001016,WEC1927_P0106,COM_III_SC_II,member,Member,
M001017,WEC1927_P0390,COM_III_SC_II,member,Member,
M001018,WEC1927_P0399,COM_III_SC_II,member,Member,
M001019,WEC1927_P0496,COM_III_SC_II,member,Member,
M001020,WEC1927_P0125,COM_III_SC_II,member,Member,
M001021,WEC1927_P0128,COM_III_SC_II,member,Member,
M001022,WEC1927_P0163,COM_III_SC_II,member,Member,
M001023,WEC1927_P0196,COM_III_SC_II,member,Member,
M001024,WEC1927_P0010,COM_III_SC_II,member,Member,
M001025,WEC1927_P0018,COM_III_SC_II,member,Member,
M001026,WEC1927_P0019,COM_III_SC_II,member,Member,
M001027,WEC1927_P0497,COM_III_SC_II,member,Member,
M001028,WEC1927_P0220,COM_III_SC_II,member,Member,
M001029,WEC1927_P0242,COM_III_SC_II,member,Member,
M001030,WEC1927_P0243,COM_III_SC_II,member,Member,
M001031,WEC1927_P0227,COM_III_SC_II,member,Member,
M001032,WEC1927_P0263,COM_III_SC_II,member,Member,
M001033,WEC1927_P0270,COM_III_SC_II,member,Member,
M001034,WEC1927_P0281,COM_III_SC_II,member,Member,
M001035,WEC1927_P0282,COM_III_SC_II,member,Member,
M001036,WEC1927_P0309,COM_III_SC_II,member,Member,
M001037,WEC1927_P0335,COM_III_SC_II,member,Member,
M001038,WEC1927_P0144,COM_III_SC_II,member,Member,
M001039,WEC1927_P0421,COM_III_SC_II,member,Member,
M001040,WEC1927_P0190,COM_III_SC_II,member,Member,
M001041,WEC1927_P0445,COM_III_SC_II,member,Member,
M001042,WEC1927_P0305,COM_III_SC_III,chair,Chairman,
M001043,WEC1927_P0154,COM_III_SC_III,vice_chair,Vice-Chairman,
M001044,WEC1927_P0080,COM_III_SC_III,member,Member,
M001045,WEC1927_P0085,COM_III_SC_III,member,Member,
M001046,WEC1927_P0086,COM_III_SC_III,member,Member,
M001047,WEC1927_P0091,COM_III_SC_III,member,Member,
M001048,WEC1927_P0399,COM_III_SC_III,member,Member,
M001049,WEC1927_P0174,COM_III_SC_III,member,Member,
M001050,WEC1927_P0020,COM_III_SC_III,member,Member,
M001051,WEC1927_P0240,COM_III_SC_III,member,Member,
M001052,WEC1927_P0254,COM_III_SC_III,member,Member,
M001053,WEC1927_P0495,COM_III_SC_III,member,Member,
M001054,WEC1927_P0267,COM_III_SC_III,member,Member,
M001055,WEC1927_P0282,COM_III_SC_III,member,Member,
M001056,WEC1927_P0299,COM_III_SC_III,member,Member,
M001057,WEC1927_P0321,COM_III_SC_III,member,Member,
M001058,WEC1927_P0347,COM_III_SC_III,member,Member,
M001059,WEC1927_P0348,COM_III_SC_III,member,Member,
M001060,WEC1927_P0411,COM_III_SC_III,member,Member,
M001061,WEC1927_P0498,COM_III_SC_III,member,Member,
M001062,WEC1927_P0190,COM_III_SC_III,member,Member,
M001063,WEC1927_P0442,COM_III_SC_III,member,Member,
M001064,WEC1927_P0166,COM_III_SC_III,member,Member,